/*****************************************
* Create the my_guitar_shop1 database
*****************************************/
DROP DATABASE IF EXISTS my_guitar_shop1;
CREATE DATABASE my_guitar_shop1;
USE my_guitar_shop1;  -- MySQL command

-- create the tables
CREATE TABLE categories (
  categoryID       INT(11)        NOT NULL   AUTO_INCREMENT,
  categoryName     VARCHAR(255)   NOT NULL,
  PRIMARY KEY (categoryID)
);

CREATE TABLE products (
  productID        INT(11)        NOT NULL   AUTO_INCREMENT,
  categoryID       INT(11)        NOT NULL,
  productCode      VARCHAR(10)    NOT NULL   UNIQUE,
  productName      VARCHAR(255)   NOT NULL,
  listPrice        DECIMAL(10,2)  NOT NULL,
  PRIMARY KEY (productID)
);

CREATE TABLE orders (
  orderID        INT(11)        NOT NULL   AUTO_INCREMENT,
  customerID     INT            NOT NULL,
  orderDate      DATETIME       NOT NULL,
  PRIMARY KEY (orderID)
);

-- insert data into the database
INSERT INTO categories VALUES
(1, 'Guitars'),
(2, 'Basses'),
(3, 'Drums');

INSERT INTO products VALUES
(1, 1, 'strat', 'Fender Stratocaster', '699.00'),
(2, 1, 'les_paul', 'Gibson Les Paul', '1199.00'),
(3, 1, 'sg', 'Gibson SG', '2517.00'),
(4, 1, 'fg700s', 'Yamaha FG700S', '489.99'),
(5, 1, 'washburn', 'Washburn D10S', '299.00'),
(6, 1, 'rodriguez', 'Rodriguez Caballero 11', '415.00'),
(7, 2, 'precision', 'Fender Precision', '799.99'),
(8, 2, 'hofner', 'Hofner Icon', '499.99'),
(9, 3, 'ludwig', 'Ludwig 5-piece Drum Set with Cymbals', '699.99'),
(10, 3, 'tama', 'Tama 5-Piece Drum Set with Cymbals', '799.99');

-- create the users and grant priveleges to those users
GRANT SELECT, INSERT, DELETE, UPDATE
ON my_guitar_shop1.*
TO mgs_user@localhost
IDENTIFIED BY 'pa55word';

GRANT SELECT
ON products
TO mgs_tester@localhost
IDENTIFIED BY 'pa55word';


/*****************************************
* Create the my_guitar_shop2 database
*****************************************/
DROP DATABASE IF EXISTS my_guitar_shop2;
CREATE DATABASE my_guitar_shop2;
USE my_guitar_shop2;

-- create the tables for the database
CREATE TABLE customers (
  customerID        INT            NOT NULL   AUTO_INCREMENT,
  emailAddress      VARCHAR(255)   NOT NULL,
  password          VARCHAR(60)    NOT NULL,
  firstName         VARCHAR(60)    NOT NULL,
  lastName          VARCHAR(60)    NOT NULL,
  shipAddressID     INT                       DEFAULT NULL,
  billingAddressID  INT                       DEFAULT NULL,  
  PRIMARY KEY (customerID),
  UNIQUE INDEX emailAddress (emailAddress)
);

CREATE TABLE addresses (
  addressID         INT            NOT NULL   AUTO_INCREMENT,
  customerID        INT            NOT NULL,
  line1             VARCHAR(60)    NOT NULL,
  line2             VARCHAR(60)               DEFAULT NULL,
  city              VARCHAR(40)    NOT NULL,
  state             VARCHAR(2)     NOT NULL,
  zipCode           VARCHAR(10)    NOT NULL,
  phone             VARCHAR(12)    NOT NULL,
  disabled          TINYINT(1)     NOT NULL   DEFAULT 0,
  PRIMARY KEY (addressID),
  INDEX customerID (customerID)
);

CREATE TABLE orders (
  orderID           INT            NOT NULL   AUTO_INCREMENT,
  customerID        INT            NOT NULL,
  orderDate         DATETIME       NOT NULL,
  shipAmount        DECIMAL(10,2)  NOT NULL,
  taxAmount         DECIMAL(10,2)  NOT NULL,
  shipDate          DATETIME                  DEFAULT NULL,
  shipAddressID     INT            NOT NULL,
  cardType          INT            NOT NULL,
  cardNumber        CHAR(16)       NOT NULL,
  cardExpires       CHAR(7)        NOT NULL,
  billingAddressID  INT            NOT NULL,
  PRIMARY KEY (orderID), 
  INDEX customerID (customerID)
);

CREATE TABLE orderItems (
  itemID            INT            NOT NULL   AUTO_INCREMENT,
  orderID           INT            NOT NULL,
  productID         INT            NOT NULL,
  itemPrice         DECIMAL(10,2)  NOT NULL,
  discountAmount    DECIMAL(10,2)  NOT NULL,
  quantity          INT NOT NULL,
  PRIMARY KEY (itemID), 
  INDEX orderID (orderID), 
  INDEX productID (productID)
);

CREATE TABLE products (
  productID         INT            NOT NULL   AUTO_INCREMENT,
  categoryID        INT            NOT NULL,
  productCode       VARCHAR(10)    NOT NULL,
  productName       VARCHAR(255)   NOT NULL,
  description       TEXT           NOT NULL,
  listPrice         DECIMAL(10,2)  NOT NULL,
  discountPercent   DECIMAL(10,2)  NOT NULL   DEFAULT 0.00,
  dateAdded         DATETIME       NOT NULL,
  PRIMARY KEY (productID), 
  INDEX categoryID (categoryID), 
  UNIQUE INDEX productCode (productCode)
);

CREATE TABLE categories (
  categoryID        INT            NOT NULL   AUTO_INCREMENT,
  categoryName      VARCHAR(255)   NOT NULL,
  PRIMARY KEY (categoryID)
);

CREATE TABLE administrators (
  adminID           INT            NOT NULL   AUTO_INCREMENT,
  emailAddress      VARCHAR(255)   NOT NULL,
  password          VARCHAR(255)   NOT NULL,
  firstName         VARCHAR(255)   NOT NULL,
  lastName          VARCHAR(255)   NOT NULL,
  PRIMARY KEY (adminID)
);

-- Insert data into the tables
INSERT INTO categories (categoryID, categoryName) VALUES
(1, 'Guitars'),
(2, 'Basses'),
(3, 'Drums');

INSERT INTO products (productID, categoryID, productCode, productName, description, listPrice, discountPercent, dateAdded) VALUES
(1, 1, 'strat', 'Fender Stratocaster', 'The Fender Stratocaster is the electric guitar design that changed the world. At this low price, why play anything but the real thing?\r\n\r\nFeatures:\r\n\r\n* Thicker bridge block\r\n* 3-ply parchment pick guard\r\n* Tinted neck', '699.00', '30.00', '2013-10-30 09:32:40'),
(2, 1, 'les_paul', 'Gibson Les Paul', 'This Les Paul guitar offers a carved top and humbucking pickups. It has a simple yet elegant design. Cutting-yet-rich tone...the hallmark of the Les Paul...pours out of the 490R and 498T Alnico II magnet humbucker pickups, which are mounted on a carved maple top with a mahogany back. The faded finish models are equipped with BurstBucker Pro pickups and a mahogany top. This guitar includes a Gibson hardshell case (Faded and satin finish models come with a gig bag) and a limited lifetime warranty.\r\n\r\nFeatures:\r\n\r\n* Carved maple top and mahogany back (Mahogany top on faded finish models)\r\n* Mahogany neck, ''59 Rounded Les Paul\r\n* Rosewood fingerboard (Ebony on Alpine white)\r\n* Tune-O-Matic bridge with stopbar\r\n* Chrome or gold hardware\r\n* 490R and 498T Alnico 2 magnet humbucker pickups (BurstBucker Pro on faded finish models)\r\n* 2 volume and 2 tone knobs, 3-way switch', '1199.00', '30.00', '2013-12-05 16:33:13'),
(3, 1, 'sg', 'Gibson SG', 'This Gibson SG electric guitar takes the best of the ''62 original and adds the longer and sturdier neck joint of the late ''60s models. All the classic features you''d expect from a historic guitar. Hot humbuckers go from rich, sweet lightning to warm, tingling waves of sustain. A silky-fast rosewood fretboard plays like a dream. The original-style beveled mahogany body looks like a million bucks. Plus, Tune-O-Matic bridge and chrome hardware. Limited lifetime warranty. Includes hardshell case.\r\n\r\nFeatures:\r\n\r\n* Double-cutaway beveled mahogany body\r\n* Set mahogany neck with rounded ''50s profile\r\n* Bound rosewood fingerboard with trapezoid inlays\r\n* Tune-O-Matic bridge with stopbar tailpiece\r\n* Chrome hardware\r\n* 490R humbucker in the neck position\r\n* 498T humbucker in the bridge position\r\n* 2 volume knobs, 2 tone knobs, 3-way switch\r\n* 24-3/4" scale', '2517.00', '52.00', '2014-02-04 11:04:31'),
(4, 1, 'fg700s', 'Yamaha FG700S', 'The Yamaha FG700S solid top acoustic guitar has the ultimate combo for projection and pure tone. The expertly braced spruce top speaks clearly atop the rosewood body. It has a rosewood fingerboard, rosewood bridge, die-cast tuners, body and neck binding, and a tortoise pickguard.\r\n\r\nFeatures:\r\n\r\n* Solid Sitka spruce top\r\n* Rosewood back and sides\r\n* Rosewood fingerboard\r\n* Rosewood bridge\r\n* White/black body and neck binding\r\n* Die-cast tuners\r\n* Tortoise pickguard\r\n* Limited lifetime warranty', '489.99', '38.00', '2014-06-01 11:12:59'),
(5, 1, 'washburn', 'Washburn D10S', 'The Washburn D10S acoustic guitar is superbly crafted with a solid spruce top and mahogany back and sides for exceptional tone. A mahogany neck and rosewood fingerboard make fretwork a breeze, while chrome Grover-style machines keep you perfectly tuned. The Washburn D10S comes with a limited lifetime warranty.\r\n\r\nFeatures:\r\n\r\n    * Spruce top\r\n    * Mahogany back, sides\r\n    * Mahogany neck Rosewood fingerboard\r\n    * Chrome Grover-style machines', '299.00', '0.00', '2014-07-30 13:58:35'),
(6, 1, 'rodriguez', 'Rodriguez Caballero 11', 'Featuring a carefully chosen, solid Canadian cedar top and laminated bubinga back and sides, the Caballero 11 classical guitar is a beauty to behold and play. The headstock and fretboard are of Indian rosewood. Nickel-plated tuners and Silver-plated frets are installed to last a lifetime. The body binding and wood rosette are exquisite.\r\n\r\nThe Rodriguez Guitar is hand crafted and glued to create precise balances. From the invisible careful sanding, even inside the body, that ensures the finished instrument''s purity of tone, to the beautifully unique rosette inlays around the soundhole and on the back of the neck, each guitar is a credit to its luthier and worthy of being handed down from one generation to another.\r\n\r\nThe tone, resonance and beauty of fine guitars are all dependent upon the wood from which they are made. The wood used in the construction of Rodriguez guitars is carefully chosen and aged to guarantee the highest quality. No wood is purchased before the tree has been cut down, and at least 2 years must elapse before the tree is turned into lumber. The wood has to be well cut from the log. The grain must be close and absolutely vertical. The shop is totally free from humidity.', '415.00', '39.00', '2014-07-30 14:12:41'),
(7, 2, 'precision', 'Fender Precision', 'The Fender Precision bass guitar delivers the sound, look, and feel today''s bass players demand. This bass features that classic P-Bass old-school design. Each Precision bass boasts contemporary features and refinements that make it an excellent value. Featuring an alder body and a split single-coil pickup, this classic electric bass guitar lives up to its Fender legacy.\r\n\r\nFeatures:\r\n\r\n* Body: Alder\r\n* Neck: Maple, modern C shape, tinted satin urethane finish\r\n* Fingerboard: Rosewood or maple (depending on color)\r\n* 9-1/2" Radius (241 mm)\r\n* Frets: 20 Medium-jumbo frets\r\n* Pickups: 1 Standard Precision Bass split single-coil pickup (Mid)\r\n* Controls: Volume, Tone\r\n* Bridge: Standard vintage style with single groove saddles\r\n* Machine heads: Standard\r\n* Hardware: Chrome\r\n* Pickguard: 3-Ply Parchment\r\n* Scale Length: 34" (864 mm)\r\n* Width at Nut: 1-5/8" (41.3 mm)\r\n* Unique features: Knurled chrome P Bass knobs, Fender transition logo', '799.99', '30.00', '2014-06-01 11:29:35'),
(8, 2, 'hofner', 'Hofner Icon', 'With authentic details inspired by the original, the Hofner Icon makes the legendary violin bass available to the rest of us. Don''t get the idea that this a just a "nowhere man" look-alike. This quality instrument features a real spruce top and beautiful flamed maple back and sides. The semi-hollow body and set neck will give you the warm, round tone you expect from the violin bass.\r\n\r\nFeatures:\r\n\r\n* Authentic details inspired by the original\r\n* Spruce top\r\n* Flamed maple back and sides\r\n* Set neck\r\n* Rosewood fretboard\r\n* 30" scale\r\n* 22 frets\r\n* Dot inlay', '499.99', '25.00', '2014-07-30 14:18:33'),
(9, 3, 'ludwig', 'Ludwig 5-piece Drum Set with Cymbals', 'This product includes a Ludwig 5-piece drum set and a Zildjian starter cymbal pack.\r\n\r\nWith the Ludwig drum set, you get famous Ludwig quality. This set features a bass drum, two toms, a floor tom, and a snare—each with a wrapped finish. Drum hardware includes LA214FP bass pedal, snare stand, cymbal stand, hi-hat stand, and a throne.\r\n\r\nWith the Zildjian cymbal pack, you get a 14" crash, 18" crash/ride, and a pair of 13" hi-hats. Sound grooves and round hammer strikes in a simple circular pattern on the top surface of these cymbals magnify the basic sound of the distinctive alloy.\r\n\r\nFeatures:\r\n\r\n* Famous Ludwig quality\r\n* Wrapped finishes\r\n* 22" x 16" kick drum\r\n* 12" x 10" and 13" x 11" toms\r\n* 16" x 16" floor tom\r\n* 14" x 6-1/2" snare drum kick pedal\r\n* Snare stand\r\n* Straight cymbal stand hi-hat stand\r\n* FREE throne', '699.99', '30.00', '2014-07-30 12:46:40'),
(10, 3, 'tama', 'Tama 5-Piece Drum Set with Cymbals', 'The Tama 5-piece Drum Set is the most affordable Tama drum kit ever to incorporate so many high-end features.\r\n\r\nWith over 40 years of experience, Tama knows what drummers really want. Which is why, no matter how long you''ve been playing the drums, no matter what budget you have to work with, Tama has the set you need, want, and can afford. Every aspect of the modern drum kit was exhaustively examined and reexamined and then improved before it was accepted as part of the Tama design. Which is why, if you start playing Tama now as a beginner, you''ll still enjoy playing it when you''ve achieved pro-status. That''s how good these groundbreaking new drums are.\r\n\r\nOnly Tama comes with a complete set of genuine Meinl HCS cymbals. These high-quality brass cymbals are made in Germany and are sonically matched so they sound great together. They are even lathed for a more refined tonal character. The set includes 14" hi-hats, 16" crash cymbal, and a 20" ride cymbal.\r\n\r\nFeatures:\r\n\r\n* 100% poplar 6-ply/7.5mm shells\r\n* Precise bearing edges\r\n* 100% glued finishes\r\n* Original small lugs\r\n* Drum heads\r\n* Accu-tune bass drum hoops\r\n* Spur brackets\r\n* Tom holder\r\n* Tom brackets', '799.99', '15.00', '2014-07-30 13:14:15');

INSERT INTO customers (customerID, emailAddress, password, firstName, lastName, shipAddressID, billingAddressID) VALUES
(1, 'allan.sherwood@yahoo.com', '650215acec746f0e32bdfff387439eefc1358737', 'Allan', 'Sherwood', 1, 2),
(2, 'barryz@gmail.com', '3f563468d42a448cb1e56924529f6e7bbe529cc7', 'Barry', 'Zimmer', 3, 4),
(3, 'christineb@solarone.com', 'ed19f5c0833094026a2f1e9e6f08a35d26037066', 'Christine', 'Brown', 5, 6);

INSERT INTO addresses (addressID, customerID, line1, line2, city, state, zipCode, phone, disabled) VALUES
(1, 1, '100 East Ridgewood Ave.', '', 'Paramus', 'NJ', '07652', '201-653-4472', 0),
(2, 1, '21 Rosewood Rd.', '', 'Woodcliff Lake', 'NJ', '07677', '201-653-4472', 0),
(3, 2, '16285 Wendell St.', '', 'Omaha', 'NE', '68135', '402-896-2576', 0),
(4, 2, '16285 Wendell St.', '', 'Omaha', 'NE', '68135', '402-896-2576', 0),
(5, 3, '19270 NW Cornell Rd.', '', 'Beaverton', 'OR', '97006', '503-654-1291', 0),
(6, 3, '19270 NW Cornell Rd.', '', 'Beaverton', 'OR', '97006', '503-654-1291', 0);

INSERT INTO orders (orderID, customerID, orderDate, shipAmount, taxAmount, shipDate, shipAddressID, cardType, cardNumber, cardExpires, billingAddressID) VALUES
(1, 1, '2014-05-30 09:40:28', '5.00', '32.32', '2014-06-01 09:43:13', 1, 2, '4111111111111111', '04/2019', 2),
(2, 2, '2014-06-01 11:23:20', '5.00', '0.00', NULL, 3, 2, '4111111111111111', '08/2018', 4),
(3, 1, '2014-06-03 09:44:58', '10.00', '89.92', NULL, 1, 2, '4111111111111111', '04/2019', 2);

INSERT INTO orderItems (itemID, orderID, productID, itemPrice, discountAmount, quantity) VALUES
(1, 1, 2, '399.00', '39.90', 1),
(2, 2, 4, '699.00', '69.90', 1),
(3, 3, 3, '499.00', '49.90', 1),
(4, 3, 6, '549.99', '0.00', 1);

INSERT INTO administrators (adminID, emailAddress, password, firstName, lastName) VALUES
(1, 'admin@myguitarshop.com', '6a718fbd768c2378b511f8249b54897f940e9022', 'Admin', 'User'),
(2, 'joel@murach.com', '971e95957d3b74d70d79c20c94e9cd91b85f7aae', 'Joel', 'Murach'),
(3, 'mike@murach.com', '3f2975c819cefc686282456aeae3a137bf896ee8', 'Mike', 'Murach');

-- Create a user named mgs_user
GRANT SELECT, INSERT, UPDATE, DELETE
ON *
TO mgs_user@localhost
IDENTIFIED BY 'pa55word';